<!-- installerLaunch4j.xml

     Sweet Home 3D, Copyright (c) 2007-2012 Emmanuel PUYBARET / eTeks <info@eteks.com>

     SweetHome3D.exe creator 
     This script requires launch4j available at http://launch4j.sourceforge.net/     
     and a SweetHome3D.ico file containing Sweet Home 3D icon.
     It creates a SweetHome3D.exe in build directory running with
     JRE 6 Update 37 stored in jre6 subdirectory 
     + SweetHome3D.jar, Windows Java 3D DLLs and JARs for Java 3D and other required JARs 
       stored in a lib subdirectory -->
<launch4jConfig>
  <dontWrapJar>true</dontWrapJar>
  <headerType>gui</headerType>
  <jar></jar>
  <outfile>build\SweetHome3D.exe</outfile>
  <errTitle></errTitle>
  <cmdLine></cmdLine>
  <chdir>.</chdir>
  <priority>normal</priority>
  <downloadUrl>http://java.com/download</downloadUrl>
  <supportUrl></supportUrl>
  <customProcName>true</customProcName>
  <stayAlive>false</stayAlive>
  <icon>SweetHome3D.ico</icon>
  <classPath>
    <mainClass>com.eteks.sweethome3d.SweetHome3D</mainClass>
    <cp>lib/SweetHome3D.jar</cp>
    <cp>lib/Furniture.jar</cp>
    <cp>lib/Textures.jar</cp>
    <cp>lib/Help.jar</cp>
    <cp>lib/Loader3DS1_2u.jar</cp>
    <cp>lib/batik-svgpathparser-1.7.jar</cp>
    <cp>lib/iText-2.1.7.jar</cp>
    <cp>lib/freehep-vectorgraphics-svg-2.1.1.jar</cp>
    <cp>lib/sunflow-0.07.3g.jar</cp>
    <cp>lib/jmf.jar</cp>
    <cp>lib/j3dcore.jar</cp>
    <cp>lib/j3dutils.jar</cp>
    <cp>lib/vecmath.jar</cp>
    <cp>jre6/lib/javaws.jar</cp>
  </classPath>
  <jre>
    <path>jre6</path>
    <minVersion>1.6.0</minVersion>
    <maxVersion></maxVersion>
    <dontUsePrivateJres>false</dontUsePrivateJres>
    <initialHeapSize>0</initialHeapSize>
    <maxHeapSize>0</maxHeapSize>
    <opt>-Djava.library.path=lib -Xmx512m</opt>
  </jre>
  <versionInfo>
    <fileVersion>3.7.0.0</fileVersion>
    <txtFileVersion>3.7</txtFileVersion>
    <fileDescription>Sweet Home 3D</fileDescription>
    <copyright>Copyright (c) 2007-2012 eTeks</copyright>
    <productVersion>3.7.0.0</productVersion>
    <txtProductVersion>3.7</txtProductVersion>
    <productName>Sweet Home 3D</productName>
    <companyName>eTeks</companyName>
    <internalName>SweetHome3D</internalName>
    <originalFilename>SweetHome3D.exe</originalFilename>
  </versionInfo>
</launch4jConfig>